Index,Customer Id,First Name,Last Name,Company,City,Country,Phone 1,Phone 2,Email
1,IND-1001,Akash,Khan,Tata Motors,Delhi,India,+91-85320-61720,+91-75-7757-8928,akash.khan1@example.in
2,IND-1002,Sumit,Saxena,Bajaj Auto,Visakhapatnam,India,+91-97923-26852,+91-64-5881-3862,sumit.saxena2@example.in
3,IND-1003,Ojaswi,Vohra,Bajaj Auto,Bengaluru,India,+91-82861-17666,+91-47-5419-5847,ojaswi.vohra3@example.in
4,IND-1004,Manish,Pandey,TCS,Mumbai,India,+91-72436-92177,+91-49-7005-6463,manish.pandey4@example.in
5,IND-1005,Megha,Bhatia,ITC Limited,Kolkata,India,+91-75964-72116,+91-34-8561-1954,megha.bhatia5@example.in
6,IND-1006,Chitra,Bose,HDFC Bank,Bhopal,India,+91-93257-92053,+91-62-4295-1503,chitra.bose6@example.in
7,IND-1007,Priya,Mehta,Axis Bank,Ahmedabad,India,+91-92614-65455,+91-21-6610-3186,priya.mehta7@example.in
8,IND-1008,Esha,Kulkarni,HCL Tech,Jaipur,India,+91-79477-70538,+91-49-8980-3875,esha.kulkarni8@example.in
9,IND-1009,Amrita,Joshi,L&T,Pune,India,+91-91764-29667,+91-43-4013-8897,amrita.joshi9@example.in
10,IND-1010,Radha,Chauhan,Zomato,Chennai,India,+91-92814-64745,+91-21-6794-7661,radha.chauhan10@example.in
11,IND-1011,Ayush,Oberoi,TCS,Hyderabad,India,+91-77114-83481,+91-31-8372-8723,ayush.oberoi11@example.in
12,IND-1012,Sia,Chopra,Zomato,Bhopal,India,+91-79947-18557,+91-51-7332-3502,sia.chopra12@example.in
13,IND-1013,Tanu,Luthra,Wipro,Lucknow,India,+91-74759-71103,+91-58-7982-3167,tanu.luthra13@example.in
14,IND-1014,Naina,Nair,State Bank of India,Chennai,India,+91-84309-66228,+91-26-5855-5510,naina.nair14@example.in
15,IND-1015,Vishal,Bahl,Reliance Industries,Pune,India,+91-78189-17072,+91-22-8408-4773,vishal.bahl15@example.in
16,IND-1016,Tarun,Bose,Infosys,Pune,India,+91-71844-88224,+91-60-8491-5450,tarun.bose16@example.in
17,IND-1017,Aryan,Thakur,State Bank of India,Bengaluru,India,+91-81536-31782,+91-37-2120-4434,aryan.thakur17@example.in
18,IND-1018,Ritu,Trivedi,Bajaj Auto,Pune,India,+91-97488-84636,+91-29-9663-7010,ritu.trivedi18@example.in
19,IND-1019,Bhavna,Bakshi,Infosys,Surat,India,+91-85317-84155,+91-23-7043-5162,bhavna.bakshi19@example.in
20,IND-1020,Rakesh,Chopra,HDFC Bank,Kanpur,India,+91-98483-70955,+91-44-4794-6159,rakesh.chopra20@example.in
21,IND-1021,Lata,Kapoor,Adani Group,Thane,India,+91-72929-43004,+91-46-7737-7455,lata.kapoor21@example.in
22,IND-1022,Shweta,Sarin,ICICI Bank,Vadodara,India,+91-89503-51501,+91-24-5909-5958,shweta.sarin22@example.in
23,IND-1023,Isha,Trivedi,Mahindra & Mahindra,Pimpri-Chinchwad,India,+91-76930-69233,+91-68-4500-6491,isha.trivedi23@example.in
24,IND-1024,Zara,Sarin,ICICI Bank,Surat,India,+91-89356-57595,+91-43-9538-7941,zara.sarin24@example.in
25,IND-1025,Bhavna,Singh,Sun Pharma,Vadodara,India,+91-80648-25018,+91-40-4621-7313,bhavna.singh25@example.in
26,IND-1026,Sanjay,Pillai,HCL Tech,Kanpur,India,+91-82949-58799,+91-45-6004-5282,sanjay.pillai26@example.in
27,IND-1027,Sumit,Nair,Infosys,Patna,India,+91-92171-67081,+91-28-5070-3427,sumit.nair27@example.in
28,IND-1028,Vidya,Verma,HCL Tech,Delhi,India,+91-72992-90080,+91-70-9342-5317,vidya.verma28@example.in
29,IND-1029,Ojaswi,Reddy,Tata Motors,Visakhapatnam,India,+91-82859-36461,+91-55-4659-4292,ojaswi.reddy29@example.in
30,IND-1030,Vishal,Singh,TCS,Lucknow,India,+91-81003-75942,+91-67-7757-9195,vishal.singh30@example.in
31,IND-1031,Suresh,Chawla,ICICI Bank,Pune,India,+91-78230-34963,+91-21-2056-6317,suresh.chawla31@example.in
32,IND-1032,Savitri,Khan,TCS,Kanpur,India,+91-95885-75890,+91-57-8461-9429,savitri.khan32@example.in
33,IND-1033,Juhi,Mishra,Zomato,Kolkata,India,+91-70788-40260,+91-22-3943-5418,juhi.mishra33@example.in
34,IND-1034,Tarun,Verma,Swiggy,Surat,India,+91-72640-33073,+91-53-8444-9613,tarun.verma34@example.in
35,IND-1035,Hemant,Goel,Axis Bank,Hyderabad,India,+91-75021-74684,+91-40-7595-6120,hemant.goel35@example.in
36,IND-1036,Tarun,Bhasin,Reliance Industries,Delhi,India,+91-75258-99887,+91-51-9911-1764,tarun.bhasin36@example.in
37,IND-1037,Kavya,Jain,Asian Paints,Vadodara,India,+91-89371-91207,+91-25-8566-2400,kavya.jain37@example.in
38,IND-1038,Vidya,Kulkarni,Reliance Industries,Patna,India,+91-86164-94119,+91-26-9794-7438,vidya.kulkarni38@example.in
39,IND-1039,Shweta,Nair,HDFC Bank,Bhopal,India,+91-91363-96430,+91-61-7334-6071,shweta.nair39@example.in
40,IND-1040,Ishaan,Saxena,Swiggy,Vadodara,India,+91-92377-83790,+91-75-2602-7035,ishaan.saxena40@example.in
41,IND-1041,Shweta,Shetty,Swiggy,Bhopal,India,+91-74594-56394,+91-32-9326-9979,shweta.shetty41@example.in
42,IND-1042,Lata,Reddy,Bajaj Auto,Bhopal,India,+91-74931-84517,+91-23-6240-2702,lata.reddy42@example.in
43,IND-1043,Saurabh,Prasad,Bajaj Auto,Jaipur,India,+91-92303-46523,+91-49-6981-5737,saurabh.prasad43@example.in
44,IND-1044,Aarav,Gupta,State Bank of India,Vadodara,India,+91-82018-81515,+91-57-6301-3492,aarav.gupta44@example.in
45,IND-1045,Indu,Kulkarni,Adani Group,Delhi,India,+91-96454-78637,+91-27-7520-5469,indu.kulkarni45@example.in
46,IND-1046,Rishabh,Gupta,Airtel,Kanpur,India,+91-82561-73263,+91-39-4005-8171,rishabh.gupta46@example.in
47,IND-1047,Diya,Kapoor,ICICI Bank,Surat,India,+91-75770-29845,+91-72-2491-4896,diya.kapoor47@example.in
48,IND-1048,Tanvi,Malhotra,Reliance Industries,Vadodara,India,+91-78953-31783,+91-39-6621-8947,tanvi.malhotra48@example.in
49,IND-1049,Garima,Sarin,Sun Pharma,Lucknow,India,+91-71956-26450,+91-26-4702-5685,garima.sarin49@example.in
50,IND-1050,Divya,Mishra,Infosys,Kanpur,India,+91-77436-34437,+91-57-2876-6983,divya.mishra50@example.in
51,IND-1051,Indu,Sharma,Zomato,Delhi,India,+91-70114-58643,+91-38-3641-6378,indu.sharma51@example.in
52,IND-1052,Rakesh,Joshi,L&T,Nagpur,India,+91-73259-64810,+91-69-8456-9927,rakesh.joshi52@example.in
53,IND-1053,Ishaan,Kapoor,Infosys,Delhi,India,+91-99391-57685,+91-72-3754-1623,ishaan.kapoor53@example.in
54,IND-1054,Gaurav,Verma,TCS,Vadodara,India,+91-75332-80654,+91-76-3406-2572,gaurav.verma54@example.in
55,IND-1055,Pranav,Nair,L&T,Mumbai,India,+91-96646-61951,+91-80-4125-4048,pranav.nair55@example.in
56,IND-1056,Rakesh,Bakshi,ICICI Bank,Visakhapatnam,India,+91-95614-55949,+91-52-5249-6052,rakesh.bakshi56@example.in
57,IND-1057,Harsh,Grover,Sun Pharma,Patna,India,+91-92083-22921,+91-22-6262-4647,harsh.grover57@example.in
58,IND-1058,Sumit,Gill,Sun Pharma,Pimpri-Chinchwad,India,+91-81748-32870,+91-77-5104-7550,sumit.gill58@example.in
59,IND-1059,Rahul,Chauhan,Zomato,Mumbai,India,+91-97321-10306,+91-75-6345-1118,rahul.chauhan59@example.in
60,IND-1060,Sneha,Verma,Wipro,Kanpur,India,+91-80065-55220,+91-68-5234-2745,sneha.verma60@example.in
61,IND-1061,Bhavna,Nair,Bajaj Auto,Pimpri-Chinchwad,India,+91-87518-94585,+91-22-4735-5323,bhavna.nair61@example.in
62,IND-1062,Deepika,Bose,Sun Pharma,Mumbai,India,+91-78824-65277,+91-37-4032-3996,deepika.bose62@example.in
63,IND-1063,Megha,Singh,ITC Limited,Vadodara,India,+91-88306-22224,+91-34-9868-7184,megha.singh63@example.in
64,IND-1064,Rohan,Khan,Swiggy,Surat,India,+91-81539-15823,+91-72-6853-5496,rohan.khan64@example.in
65,IND-1065,Radha,Shetty,Axis Bank,Patna,India,+91-95677-80180,+91-65-5005-3625,radha.shetty65@example.in
66,IND-1066,Nikhil,Chauhan,Mahindra & Mahindra,Indore,India,+91-81738-80776,+91-78-5126-8617,nikhil.chauhan66@example.in
67,IND-1067,Deepika,Goel,Wipro,Kolkata,India,+91-93222-28896,+91-30-8097-8908,deepika.goel67@example.in
68,IND-1068,Aman,Rao,Wipro,Lucknow,India,+91-74556-84630,+91-35-7193-9024,aman.rao68@example.in
69,IND-1069,Suresh,Deshmukh,ITC Limited,Bhopal,India,+91-92602-54879,+91-40-3876-7122,suresh.deshmukh69@example.in
70,IND-1070,Piyush,Bahl,Wipro,Surat,India,+91-73063-82817,+91-32-9941-7138,piyush.bahl70@example.in
71,IND-1071,Piyush,Chopra,Adani Group,Surat,India,+91-95698-10847,+91-54-8902-9811,piyush.chopra71@example.in
72,IND-1072,Ojaswi,Iyer,Sun Pharma,Delhi,India,+91-92736-31270,+91-79-4885-9315,ojaswi.iyer72@example.in
73,IND-1073,Umesh,Joshi,Sun Pharma,Ahmedabad,India,+91-91292-76158,+91-67-9933-4704,umesh.joshi73@example.in
74,IND-1074,Akash,Grover,Mahindra & Mahindra,Lucknow,India,+91-76448-59468,+91-42-6269-9385,akash.grover74@example.in
75,IND-1075,Gaurav,Malhotra,Sun Pharma,Visakhapatnam,India,+91-96473-87075,+91-28-4371-3742,gaurav.malhotra75@example.in
76,IND-1076,Vidya,Iyer,Airtel,Ahmedabad,India,+91-83793-23980,+91-26-5551-2379,vidya.iyer76@example.in
77,IND-1077,Savitri,Verma,TCS,Surat,India,+91-87779-52911,+91-38-6192-4015,savitri.verma77@example.in
78,IND-1078,Deepika,Chauhan,Bajaj Auto,Nagpur,India,+91-92286-25542,+91-46-9818-3753,deepika.chauhan78@example.in
79,IND-1079,Suresh,Grover,Axis Bank,Kanpur,India,+91-78342-59397,+91-54-6259-2061,suresh.grover79@example.in
80,IND-1080,Radha,Rao,Wipro,Hyderabad,India,+91-77885-12067,+91-40-6234-4241,radha.rao80@example.in
81,IND-1081,Ishaan,Kapoor,Swiggy,Lucknow,India,+91-70567-75493,+91-64-3846-3340,ishaan.kapoor81@example.in
82,IND-1082,Rohan,Chatterjee,Wipro,Bhopal,India,+91-87917-85419,+91-51-7598-1929,rohan.chatterjee82@example.in
83,IND-1083,Megha,Chatterjee,Mahindra & Mahindra,Surat,India,+91-77626-91529,+91-69-5423-7091,megha.chatterjee83@example.in
84,IND-1084,Garima,Dhillon,HDFC Bank,Kolkata,India,+91-96117-35293,+91-69-5204-4399,garima.dhillon84@example.in
85,IND-1085,Manish,Kulkarni,Swiggy,Thane,India,+91-90032-10185,+91-52-3250-6956,manish.kulkarni85@example.in
86,IND-1086,Priyanka,Bhatia,Asian Paints,Vadodara,India,+91-81267-77271,+91-65-4083-7531,priyanka.bhatia86@example.in
87,IND-1087,Naina,Taneja,L&T,Surat,India,+91-70309-91036,+91-65-3417-3614,naina.taneja87@example.in
88,IND-1088,Umesh,Deshmukh,Mahindra & Mahindra,Visakhapatnam,India,+91-90116-36838,+91-55-6973-1190,umesh.deshmukh88@example.in
89,IND-1089,Ojaswi,Mehta,Adani Group,Vadodara,India,+91-90450-28793,+91-35-4388-9203,ojaswi.mehta89@example.in
90,IND-1090,Juhi,Srivastava,Swiggy,Pimpri-Chinchwad,India,+91-72891-63787,+91-34-6800-4437,juhi.srivastava90@example.in
91,IND-1091,Sameer,Deshmukh,Zomato,Visakhapatnam,India,+91-85316-55966,+91-22-3584-2541,sameer.deshmukh91@example.in
92,IND-1092,Deepak,Taneja,ICICI Bank,Delhi,India,+91-76356-51429,+91-57-9829-1132,deepak.taneja92@example.in
93,IND-1093,Vihaan,Soni,HDFC Bank,Hyderabad,India,+91-81651-13483,+91-65-9760-4305,vihaan.soni93@example.in
94,IND-1094,Mayank,Khan,ICICI Bank,Ahmedabad,India,+91-75945-93541,+91-75-6705-3176,mayank.khan94@example.in
95,IND-1095,Radha,Gill,Tata Motors,Jaipur,India,+91-76122-69601,+91-58-9691-4446,radha.gill95@example.in
96,IND-1096,Anika,Kapoor,Asian Paints,Lucknow,India,+91-91001-95399,+91-64-6385-6529,anika.kapoor96@example.in
97,IND-1097,Ananya,Kapoor,HDFC Bank,Pimpri-Chinchwad,India,+91-89383-81638,+91-76-3408-8780,ananya.kapoor97@example.in
98,IND-1098,Anjali,Thakur,ITC Limited,Thane,India,+91-81193-97891,+91-71-9315-3792,anjali.thakur98@example.in
99,IND-1099,Heena,Dhillon,ICICI Bank,Thane,India,+91-73759-16157,+91-40-4327-8794,heena.dhillon99@example.in
100,IND-1100,Sai,Jain,Zomato,Indore,India,+91-79174-38572,+91-50-9081-4169,sai.jain100@example.in